172.67.193.120,401,0,0,2026-01-31,invalid_token
176.53.12.17,401,0,0,2026-01-31,invalid_token
104.21.20.252,401,0,0,2026-01-31,invalid_token
64.29.17.67,401,0,0,2026-01-31,invalid_token
172.67.193.120,200,1,0,2026-01-31,
176.53.12.17,200,1,0,2026-01-31,
104.21.20.252,200,1,0,2026-01-31,
64.29.17.67,200,1,0,2026-01-31,
116.203.212.240,200,1,0,2026-01-31,
69.164.211.158,200,1,0,2026-01-31,
172.217.20.137,200,1,0,2026-01-31,
178.16.54.253,200,1,0,2026-01-31,
91.240.21.9,200,1,0,2026-01-31,
185.199.111.153,200,1,0,2026-01-31,
101.32.98.175,200,1,0,2026-01-31,
192.236.147.234,200,1,0,2026-01-31,
63.176.8.218,200,1,0,2026-01-31,
66.235.200.145,200,1,0,2026-01-31,
162.240.171.116,200,1,0,2026-01-31,
47.77.231.95,200,1,0,2026-01-31,
47.88.49.201,200,1,0,2026-01-31,
144.217.181.11,200,1,0,2026-01-31,
47.243.89.52,200,1,0,2026-01-31,
182.16.78.67,200,1,0,2026-01-31,
89.46.106.40,200,1,0,2026-01-31,
185.176.24.103,200,1,0,2026-01-31,
188.114.97.7,200,1,0,2026-01-31,
199.26.86.79,200,1,0,2026-01-31,
45.87.41.119,200,1,0,2026-01-31,
172.67.193.133,200,1,0,2026-01-31,
148.66.3.116,200,1,0,2026-01-31,
138.226.236.35,200,1,0,2026-01-31,
43.162.124.181,200,1,0,2026-01-31,
209.42.255.1,200,1,0,2026-01-31,
160.251.71.119,200,1,0,2026-01-31,
65.181.111.8,200,1,0,2026-01-31,
52.5.117.114,200,1,0,2026-01-31,
178.211.133.15,200,1,0,2026-01-31,
43.157.61.30,200,1,0,2026-01-31,
207.148.125.216,200,1,0,2026-01-31,
52.44.11.177,200,1,0,2026-01-31,
8.219.239.111,200,1,0,2026-01-31,
76.223.105.230,200,1,0,2026-01-31,
179.43.150.242,200,1,0,2026-01-31,
172.64.147.209,200,1,0,2026-01-31,
103.255.47.24,200,1,0,2026-01-31,
69.36.94.214,200,1,0,2026-01-31,
190.92.174.125,200,1,0,2026-01-31,
78.47.146.138,200,1,0,2026-01-31,
103.153.182.197,200,1,0,2026-01-31,
83.224.65.80,200,1,0,2026-01-31,
72.21.210.29,200,1,0,2026-01-31,
172.67.188.91,200,1,0,2026-01-31,
104.26.11.157,200,1,0,2026-01-31,
20.239.97.157,200,1,0,2026-01-31,
212.104.128.1,200,1,0,2026-01-31,
212.104.128.0,200,1,0,2026-01-31,
212.104.128.2,200,1,0,2026-01-31,
13.248.243.5,200,1,0,2026-01-31,
104.194.157.223,200,1,0,2026-01-31,
50.6.206.247,200,1,0,2026-01-31,
43.162.115.222,200,1,0,2026-01-31,
198.49.23.180,200,1,0,2026-01-31,
5.57.226.200,200,1,0,2026-01-31,
37.27.37.67,200,1,0,2026-01-31,
154.213.177.126,200,1,0,2026-01-31,
78.46.204.247,200,1,0,2026-01-31,
31.7.65.251,200,1,0,2026-01-31,
210.211.113.134,200,1,0,2026-01-31,
104.26.1.160,200,1,0,2026-01-31,
38.127.216.159,200,1,0,2026-01-31,
170.75.163.162,200,1,0,2026-01-31,
177.154.191.228,200,1,0,2026-01-31,
45.113.122.70,200,1,0,2026-01-31,
104.21.22.97,200,1,0,2026-01-31,
31.22.4.234,200,1,0,2026-01-31,
38.6.210.44,200,1,0,2026-01-31,
34.8.133.164,200,1,0,2026-01-31,
103.190.54.12,200,1,0,2026-01-31,
144.172.94.39,200,1,0,2026-01-31,
158.252.21.145,200,1,0,2026-01-31,
192.99.81.101,200,1,0,2026-01-31,
52.84.150.60,200,1,0,2026-01-31,
172.67.183.83,200,1,0,2026-01-31,
195.88.211.226,200,1,0,2026-01-31,
92.113.16.75,200,1,0,2026-01-31,
104.21.85.54,200,1,0,2026-01-31,
82.39.117.71,200,1,0,2026-01-31,
82.39.117.59,200,1,0,2026-01-31,
82.39.117.51,200,1,0,2026-01-31,
181.174.165.110,200,1,0,2026-01-31,
154.213.177.107,200,1,0,2026-01-31,
216.40.34.41,200,1,0,2026-01-31,
199.15.163.133,200,1,0,2026-01-31,
188.114.96.7,200,1,0,2026-01-31,
91.216.248.20,200,1,0,2026-01-31,
172.67.142.242,200,1,0,2026-01-31,
188.166.12.164,200,1,0,2026-01-31,
185.27.134.102,200,1,0,2026-01-31,
104.26.4.19,422,0,0,2026-01-31,unprocessable_entity
104.18.20.135,422,0,0,2026-01-31,unprocessable_entity
104.21.56.84,422,0,0,2026-01-31,unprocessable_entity
192.250.231.20,422,0,0,2026-01-31,unprocessable_entity
104.18.54.45,422,0,0,2026-01-31,unprocessable_entity
172.64.148.235,422,0,0,2026-01-31,unprocessable_entity
74.115.51.6,422,0,0,2026-01-31,unprocessable_entity
35.208.27.202,422,0,0,2026-01-31,unprocessable_entity
172.217.23.110,422,0,0,2026-01-31,unprocessable_entity
13.107.246.60,422,0,0,2026-01-31,unprocessable_entity
157.240.203.35,422,0,0,2026-01-31,unprocessable_entity
104.16.132.229,422,0,0,2026-01-31,unprocessable_entity
89.221.239.1,422,0,0,2026-01-31,unprocessable_entity
142.250.185.132,422,0,0,2026-01-31,unprocessable_entity
17.253.144.10,422,0,0,2026-01-31,unprocessable_entity
142.250.187.238,422,0,0,2026-01-31,unprocessable_entity
72.21.206.80,422,0,0,2026-01-31,unprocessable_entity
157.240.203.174,422,0,0,2026-01-31,unprocessable_entity
5.61.23.39,422,0,0,2026-01-31,unprocessable_entity
216.58.206.67,422,0,0,2026-01-31,unprocessable_entity
13.107.6.156,422,0,0,2026-01-31,unprocessable_entity
151.101.2.146,422,0,0,2026-01-31,unprocessable_entity
142.250.201.68,422,0,0,2026-01-31,unprocessable_entity
204.79.197.212,422,0,0,2026-01-31,unprocessable_entity
150.171.22.12,422,0,0,2026-01-31,unprocessable_entity
172.217.18.8,422,0,0,2026-01-31,unprocessable_entity
98.82.161.185,422,0,0,2026-01-31,unprocessable_entity
104.18.13.15,422,0,0,2026-01-31,unprocessable_entity
20.231.239.246,422,0,0,2026-01-31,unprocessable_entity
185.15.58.224,422,0,0,2026-01-31,unprocessable_entity
216.58.206.33,422,0,0,2026-01-31,unprocessable_entity
