172.67.193.120,401,0,0,2026-02-13,invalid_token
176.53.12.17,401,0,0,2026-02-13,invalid_token
104.21.20.252,401,0,0,2026-02-13,invalid_token
172.67.193.120,403,0,0,2026-02-13,permission_denied
176.53.12.17,403,0,0,2026-02-13,permission_denied
172.67.193.120,403,0,0,2026-02-13,permission_denied
176.53.12.17,403,0,0,2026-02-13,permission_denied
172.67.193.120,403,0,0,2026-02-13,permission_denied
176.53.12.17,403,0,0,2026-02-13,permission_denied
172.67.193.120,200,1,0,2026-02-13,
176.53.12.17,200,1,0,2026-02-13,
104.21.20.252,200,1,0,2026-02-13,
64.29.17.67,200,1,0,2026-02-13,
116.203.212.240,200,1,0,2026-02-13,
69.164.211.158,200,1,0,2026-02-13,
172.217.23.110,200,1,0,2026-02-13,
13.107.246.60,200,1,0,2026-02-13,
157.240.203.35,200,1,0,2026-02-13,
104.16.132.229,200,1,0,2026-02-13,
89.221.239.1,200,1,0,2026-02-13,
142.250.185.132,200,1,0,2026-02-13,
17.253.144.10,200,1,0,2026-02-13,
142.250.187.238,200,1,0,2026-02-13,
